,track,album,album_cover,artist,sample,release_date,length,popularity,acousticness,danceability,energy,instrumentalness,liveness,loudness,speechiness,tempo,time_signature,lyrics
0,Breaking the Law,British Steel,https://i.scdn.co/image/ab67616d0000b273be0e5ebab8c61469b1ff9f62,Judas Priest,https://p.scdn.co/mp3-preview/cb5f2bf729cf7b2e1517d81258ec74c76c4aadb9?cid=b1e13d47b67249bda69ed912bb4f7133,1980,153840,73,0.024,0.362,0.961,9.35e-06,0.159,-5.664,0.0857,164.019,4," There I was completely wasting out of work and down All inside its so frustrating as I drift from town to town Feel as though nobody cares if I live or die So I might as well begin to put some action in my life  Breaking the law breaking the law Breaking the law breaking the law Breaking the law breaking the law Breaking the law breaking the law  So much for the golden future I cant even start Ive had every promise broken theres anger in my heart You dont know what its like you dont have a clue If you did youd find yourselves doing the same thing too  Breaking the law breaking the law Breaking the law breaking the law Breaking the law breaking the law Breaking the law breaking the law  You dont know what its like
  Breaking the law breaking the law Breaking the law breaking the law Breaking the law breaking the law Breaking the law breaking the law  Breaking the law breaking the law Breaking the law breaking the law Breaking the law breaking the law Breaking the law breaking the law"
1,Youve Got Another Thing Coming,Screaming For Vengeance (Expanded Edition),https://i.scdn.co/image/ab67616d0000b273475bd4fb40ba687fbf002c82,Judas Priest,https://p.scdn.co/mp3-preview/a865bf18cbc2c8787ef1544d4154103b773276d6?cid=b1e13d47b67249bda69ed912bb4f7133,1982,310080,67,0.00572,0.519,0.833,4.33e-06,0.104,-6.947,0.0496,138.225,4,
2,Painkiller,Painkiller,https://i.scdn.co/image/ab67616d0000b27360db4ca924d17bc6754e89aa,Judas Priest,https://p.scdn.co/mp3-preview/8300d443f522eecdbfbc3a589c34a8d731e2f3a2?cid=b1e13d47b67249bda69ed912bb4f7133,1990-09-26,365826,68,0.000195,0.435,0.987,0.0847,0.268,-4.667,0.16,103.16,4,"  Faster than a bullet terrifying scream Enraged and full of anger hes half man and half machine Rides the Metal Monster breathing smoke and fire Closing in with vengeance soaring high  He is the Painkiller This is the Painkiller  Planets devastated mankinds on its knees A saviour comes from out the skies in answer to their pleas Through boiling clouds of thunder blasting bolts of steel Evils going under deadly wheels  He is the Painkiller This is the Painkiller Oh  Faster than a laser bullet Louder than an atom bomb Chromium plated boiling metal Brighter than a thousand suns   Flying high on rapture stronger free and brave Nevermore encaptured theyve been brought back from the grave With mankind resurrected forever to survive Returns from Armageddon to the skies  He is the Painkiller This is the Painkiller Wings of steel Painkiller Deadly wheels Painkiller Ah
  He is the Painkiller This is the Painkiller He is the Painkiller This is the Painkiller  Pain Pain Killer Killer Pain Pain Killer Killer   Cant stop the Painkiller Pain"
3,No Surrender,Firepower,https://i.scdn.co/image/ab67616d0000b2735c48f1b63e4b70cf96ffb088,Judas Priest,https://p.scdn.co/mp3-preview/0cda2af301f7e2b7f07f60707d1bc181c2c669a4?cid=b1e13d47b67249bda69ed912bb4f7133,2018-03-09,173973,55,0.000414,0.605,0.897,0.000753,0.0666,-6.08,0.0384,130.053,4," You know that life isnt set I lead the pack I aint no pretender You give as good as you get We live and die cause theres no surrender  Chasing a dream as I go higher Playing it mean my hearts on fire Living my life aint no pretender Ready to fight with no surrender  You know the way that I feel If youre with me you better hold on tighter Im only keeping it real Thats who I am Im just a non-stop fighter  Chasing a dream as I go higher Playing it mean my hearts on fire Living my life aint no pretender Ready to fight with no surrender  Run out of road The end of the days Not for the weak Only the brave   Chasing a dream as I go higher Playing it mean my hearts on fire Living my life aint no pretender Ready to fight with no surrender
 Im chasing a dream as I go higher You know Im playing it mean my hearts on fire Im living my life aint no pretender Ready to fight with no surrender"
4,Living After Midnight,British Steel,https://i.scdn.co/image/ab67616d0000b273be0e5ebab8c61469b1ff9f62,Judas Priest,https://p.scdn.co/mp3-preview/89ec76e74fe5c596f30c3a5a4686db2d3d70c670?cid=b1e13d47b67249bda69ed912bb4f7133,1980,210133,64,0.0136,0.61,0.824,1.75e-06,0.0606,-6.046,0.0534,134.992,4," Living after midnight Rocking to the dawn Loving till the morning Then Im gone Im gone  I took the city bout one A.M  loaded loaded Im all geared up to score again  loaded loaded I come alive in the neon light Thats when I make my moves right  Living after midnight Rocking to the dawn Loving till the morning Then Im gone Im gone  Got gleaming chrome reflecting steel loaded loaded Ready to take on every deal loaded loaded My pulse is racing Im hot to take This motors revved up fit to break  Living after midnight Rocking to the dawn Loving till the morning Then Im gone Im gone  Im aiming for you Im gonna floor you My bodys coming All night long 
 The airs electric sparking power  loaded loaded Im getting hotter by the hour  loaded loaded I set my sights and then home in The joint starts flying when I begin  Living after midnight Rocking to the dawn Loving till the morning Then Im gone Im gone  Living after midnight Rocking to the dawn Loving till the morning"
5,The Hellion,Screaming For Vengeance (Expanded Edition),https://i.scdn.co/image/ab67616d0000b273475bd4fb40ba687fbf002c82,Judas Priest,https://p.scdn.co/mp3-preview/6548165ad84411a6e56fdb6c9d8558dd6333bbec?cid=b1e13d47b67249bda69ed912bb4f7133,1982,39920,53,3.31e-06,0.0752,0.637,0.817,0.233,-7.469,0.0352,80.06,3,
6,Heading Out to the Highway,Point Of Entry,https://i.scdn.co/image/ab67616d0000b273397a50d3dede88554925c717,Judas Priest,https://p.scdn.co/mp3-preview/9ccc0caa5cbeb2e6efc23d6c7c0246140e3b8116?cid=b1e13d47b67249bda69ed912bb4f7133,1981,225533,55,0.00635,0.444,0.922,0.0,0.305,-4.519,0.0529,140.206,4," Well Ive said it before and Ill say it again You get nothing for nothing expect it when Youre backseat driving and your hands aint on the wheel Its easy to go along with the crowd And find later on that your say aint allowed Oh thats the way to find what youve been missing  So Im heading out to the highway I got nothing to lose at all Im gonna do it my way Take a chance before I fall A chance before I fall  You can hang in a left or hang in a right The choice it is yours to do as you might The road is open wide to place your bidding Now wherever you turn wherever you go If you get it wrong at least you can know Theres miles and miles to put it back together  And Im heading out to the highway I got nothing to lose at all Im going to do it my way Take a chance before I fall A chance before I fall
 On the highway on the highway   Making a curve or taking the strain On the decline or out  on the wane Oh everybody breaks down sooner or later Well put it to rights well square up and mend Back on your feet to take the next bend Youll weather every storm thats coming at you  And Im heading out to the highway I got nothing to lose at all Im going to do it my way Take a chance before I fall Yes Im heading out to the highway I got nothing to lose at all I got nothing to lose at all"
7,Turbo Lover - Remastered,Turbo 30,https://i.scdn.co/image/ab67616d0000b273f9f6bcc0db4dd8d19d73ca7e,Judas Priest,https://p.scdn.co/mp3-preview/03a1530613fd993a7d55f836280bc420ff8604ef?cid=b1e13d47b67249bda69ed912bb4f7133,1986-04-07,333999,58,0.174,0.551,0.876,9.04e-06,0.397,-7.02,0.037,151.575,4," You wont hear me but youll feel me Without warning somethings dawning listen Then within your senses Youll know youre defenseless How your heart beats when you run for cover You cant retreat I spy like no other Then well race together We can ride forever Wrapped in horsepower driving into fury Changing gear I pull you tighter to me  Im your turbo lover Tell me theres no other Im your turbo lover Better run for cover  We hold each other closer As we shift to overdrive And everything goes rushing by With every nerve alive We move so fast it seems as though Weve taken to the sky Love machines in harmony We hear the engines cry  Im your turbo lover Tell me theres no other Im your turbo lover Better run for cover   On and on were charging To the place so many seek In perfect synchronicity Of which so many speak We feel so close to heaven In this roaring heavy load And then in sheer abandonment We shatter and explode
 Im your turbo lover Tell me theres no other Im your turbo lover Better run for cover Im your turbo lover Tell me theres no other Im your turbo lover Better run for cover"
8,Firepower,Firepower,https://i.scdn.co/image/ab67616d0000b2735c48f1b63e4b70cf96ffb088,Judas Priest,https://p.scdn.co/mp3-preview/7c27e79493b884c0c98eb0f1414bf5a08124e4a4?cid=b1e13d47b67249bda69ed912bb4f7133,2018-03-09,207444,55,3.22e-05,0.482,0.957,0.25,0.11,-6.149,0.0552,95.011,4," With weapons drawn we claim the future Invincible through every storm Bring in the foe to be defeated To pulverize from dusk till dawn  Firepower Petrifies Firepower  The die is cast make no exceptions Were forged by evil to compel Come rally round this lack of freedom Our union thrives so go to Hell  Firepower Taking lives Firepower Neutralize  Empty the chamber Lock and reload This world thrives on danger Its bound to explode  Aim for the target With laser red lights Releasing the trigger Puts victory in sight  No time to pray or ask forgiveness Those blessed souls are now deceased There is no sense in this contrition With open arms we fight for peace
 We fight with firepower Petrifies Firepower Between the eyes Firepower Mortifies Firepower Mans demise"
9,Electric Eye,Screaming For Vengeance (Expanded Edition),https://i.scdn.co/image/ab67616d0000b273475bd4fb40ba687fbf002c82,Judas Priest,https://p.scdn.co/mp3-preview/f6073854dd3b6248fe67631a8e6e9ca92bfcc180?cid=b1e13d47b67249bda69ed912bb4f7133,1982,222440,62,0.000716,0.437,0.948,0.000261,0.146,-6.041,0.0554,96.72,4," Up here in space I’m looking down on you My lasers trace everything you do You think you’ve private lives  think nothing of the kind There is no true escape I’m watching all the time  I’m made of metal My circuits gleam I am perpetual I keep the country clean  I’m elected electric spy I’m protected electric eye  Always in focus  you can’t feel my stare I zoom into you but you don’t know I’m there I take a pride in probing all your secret moves My tearless retina takes pictures that can prove  I’m made of metal My circuits gleam I am perpetual I keep the country clean  I’m elected electric spy I’m protected electric eye   Electric eye in the sky Feel my stare always there There’s nothing you can do about it Develop and expose I feed upon your every thought And so my power grows
 I’m made of metal My circuits gleam I am perpetual I keep the country clean  I’m elected electric spy I’m protected electric eye  Im elected electric spy Im elected protected detective electric eye"
10,Hell Patrol,Painkiller,https://i.scdn.co/image/ab67616d0000b27360db4ca924d17bc6754e89aa,Judas Priest,https://p.scdn.co/mp3-preview/adbc35af06ca6c6579986f274f444ccb77eccc4e?cid=b1e13d47b67249bda69ed912bb4f7133,1990-09-26,216533,55,0.000109,0.462,0.984,0.0325,0.0572,-4.987,0.144,112.672,3, Like wild fire comes roaring Mad whirlwind burning the road Black thunder white lightning Speed demons cry  The Hell Patrol The Hell Patrol  Night riders death dealers Storm bringers tear up the ground Fist flying eyes blazing Theyre glory bound  The Hell Patrol The Hell Patrol  Brutalize you neutralize you Going to go for your throat as you choke Then theyll vaporapeize you Terrorize you pulverize you Going to cut to the bone as you groan And theyll paratamize you    Chrome Masters steel Warriors Soul Stealers ripping out hearts Theyre Devil Dogs  The Hell Patrol The Hell Patrol
11,Angel,Angel Of Retribution,https://i.scdn.co/image/ab67616d0000b273367fe3409cb2741c0bfcdf66,Judas Priest,https://p.scdn.co/mp3-preview/00d9078a05cca4a25c3e1422aa02e4158ffeb3fa?cid=b1e13d47b67249bda69ed912bb4f7133,2005-02-28,264200,56,0.014,0.532,0.441,0.0,0.11,-7.86,0.0243,83.998,4, Angel put sad wings around me now Protect me from this world of sin So that we can rise again  Oh angel we can find our way somehow Escaping from the world were in To a place where we began  And I know well find a better place and peace of mind Just tell me that its all you want for you and me Angel wont you set me free  Angel remember how wed chase the sun Then reaching for the stars at night As our lives had just begun  When I close my eyes I hear your velvet wings and cry Im waiting here with open arms oh cant you see Angel shine your light on me  Angel well meet once more Ill pray When all my sins are washed away Hold me inside your wings and stay Oh angel take me far away  Put sad wings around me now Angel take me far away Put sad wings around me now So that we can rise again Put sad wings around me now Angel take me far away Put sad wings around me now So that we can rise again
12,Lightning Strike,Firepower,https://i.scdn.co/image/ab67616d0000b2735c48f1b63e4b70cf96ffb088,Judas Priest,https://p.scdn.co/mp3-preview/0c2d024480810d082dbff560d6a5189138e90c45?cid=b1e13d47b67249bda69ed912bb4f7133,2018-03-09,209453,55,1.69e-05,0.521,0.915,0.43,0.065,-5.705,0.0544,112.507,3," Ill bring you the head of the demon Im peeling the skin from his face The life that you lead is inhuman Its cause and effects a disgrace  Youre sowing the seeds of a nightmare from Hell Your prayers and your demons are tolling the bell  Walking through fire fates in my hands Waiting for lightning to strike Man on a wire bearing the brand Waiting for lightning to strike  Lightning to strike  Twisted dreams that are born from delusion The collusion of fear and torment Decimating to stem this contusion With a power-mad freaking intent  Youre sowing the seeds of a nightmare from Hell Your prayers and your demons lie dead where they fell  Walking through fire fates in my hands Waiting for lightning to strike Man on a wire bearing the brand Waiting for lightning to strike  Lightning to strike  Ill spin the world around reeling I have to when mankinds at stake I might be left broken and bleeding For its all in the fight that we make   Youre sowing the seeds of a nightmare from Hell Your prayers and your demons still tolling the bell
 Walking through fire fates in my hands Waiting for lightning to strike Man on a wire bearing the brand Waiting for lightning to strike  Lightning to strike  Lightning will strike"
13,Beyond the Realms of Death,Stained Class,https://i.scdn.co/image/ab67616d0000b273a4c79ec8f98d1866d266f5af,Judas Priest,https://p.scdn.co/mp3-preview/6e0285d69d472cfea38a34a80e5df831f1cbe085?cid=b1e13d47b67249bda69ed912bb4f7133,1978-10-27,409800,57,0.0381,0.287,0.716,3.24e-05,0.164,-5.653,0.0311,172.123,4," He had enough he couldnt take anymore He found a place in his mind and slammed the door No matter how they tried they couldnt understand They washed and dressed him fed him by hand  Yeah Ive left the world behind I am safe here in my mind Im free to speak with my own kind This is my life this is my life Ill decide not you  Withdrawn hed sit there stare blank into space No sign of life would flicker on his face Until one day he smiled it seemed as though with pride The wind kissed him goodbye and then he died  Yeah Ive left the world behind I am safe here in my mind Im free to speak with my own kind This is my life this is my life Ill decide not you  Keep the world with all its sin Its not fit for living in Yeah I will start again It can take forever and ever and ever and ever But I shall win   How many like him are there still? But to us all seem to have lost the will They lie in thousands plagued and lost Is nothing worth this bitter cost?
 Yeah Ive left the world behind I am safe here in my mind Im free to speak with my own kind This is my life this is my life Ill decide not you  Keep the world with all its sin Its not fit for living in   Beyond the realms of death"
14,Night Crawler,Painkiller,https://i.scdn.co/image/ab67616d0000b27360db4ca924d17bc6754e89aa,Judas Priest,https://p.scdn.co/mp3-preview/1821e71d5e9fb3a8c1078e022e85b2069578fdab?cid=b1e13d47b67249bda69ed912bb4f7133,1990-09-26,344360,56,0.000148,0.481,0.981,0.0555,0.144,-6.456,0.143,97.106,4," Howling winds keep screaming around And the rain comes pouring down Doors are locked and bolted now As the thing crawls into town  Straight out of Hell One of a kind Stalking his victim Dont look behind you  Night crawler Beware the beast in black Night crawler You know hes coming back Night crawler  Sanctuary is being sought Whispered prayers our last resort Homing in its cry distorts Terror struck they know theyre caught  Straight out of Hell One of a kind Stalking his victim Dont look behind you  Night crawler Beware the beast in black Night crawler You know hes coming back Night crawler
  As night is falling The end is drawing near Theyll hear Their last rites echo on the wind  Huddled in the cellar Fear caught in their eyes Daring not to move or breathe As the creature cries Fingernails start scratching On the outside wall Clawing at the windows ""Come to me"" it calls Atmospheres electric As it now descends the stairs Hiding in the darkness Is so futile from its glare Death comes in an instant As they hoped it would Souls ascend to heaven While it feasts on flesh and blood
 Straight out of Hell One of a kind Stalking his victim Dont look behind you  Night crawler Beware the beast in black Night crawler You know hes coming back Night crawler  Hes going to get you Hes going to get you Beware of the beast Night crawler Beware of the beast Hes going to get you Night crawler Straight out of hell Beware of the beast Hes going to get you"
15,The Sentinel,Defenders Of The Faith,https://i.scdn.co/image/ab67616d0000b273bc22adfbb796489be45491d2,Judas Priest,https://p.scdn.co/mp3-preview/6e04676e606d85d97a464b748eddc82d2b3f211d?cid=b1e13d47b67249bda69ed912bb4f7133,1984,302066,54,0.00268,0.15,0.863,0.00425,0.099,-5.145,0.103,185.664,4,"   Along deserted avenues steam begins to rise The figures primed and ready prepared for quick surprise Hes watching for a sign His life is on the line  Sworn to avenge Condemn to hell Tempt not the blade all fear the Sentinel  Dogs whine in the alleys smoke is on the wind From deep inside its empty shell a cathedral bell begins Ringing out its toll A storm begins to grow  Sworn to avenge Condemn to hell Tempt not the blade all fear the Sentinel  Amidst the upturned burned-out cars the challengers await And in their fists clutch iron bars with which to seal his fate Across his chest in scabbards rest the rows of throwing knives Whose razor points in challenged tests have finished many lives   Now facing one another the standoff eats at time Then all at once a silence falls as the bell ceases its chime Upon this sign the challengers with shrieks and cries rush forth The knives fly out like bullets upon their deadly course Screams of pain and agony rent the silent air Amidst the dying bodies blood runs everywhere The figure stands expressionless impassive and alone Unmoved by this victory and the seeds of death hes sown
 Sworn to avenge Condemn to hell Tempt not the blade all fear the Sentinel Sworn to avenge Condemn to hell Tempt not the blade all fear the Sentinel Sworn to avenge Condemn to hell Tempt not the blade all fear the Sentinel Sworn to avenge Condemn to hell Tempt not the blade all fear the Sentinel"
16,Before the Dawn,Killing Machine,https://i.scdn.co/image/ab67616d0000b2738192db1694959d5c711d39b3,Judas Priest,https://p.scdn.co/mp3-preview/b7da0557e40c7bb0a55f7cd517b811ab992ac688?cid=b1e13d47b67249bda69ed912bb4f7133,1979,203066,51,0.645,0.461,0.415,3.95e-06,0.108,-6.784,0.025,105.401,4," Before the dawn I hear you whisper In your sleep ""Dont let the morning take him"" Outside the birds begin to call As if to summon up my leaving  Its been a lifetime since I found someone Since I found someone who would stay Ive waited too long and now youre leaving Oh please dont take it all away   Its been a lifetime since I found someone Since I found someone who would stay Ive waited too long and now youre leaving Oh please dont take it all away  Before the dawn I hear you whisper In your sleep ""Dont let the morning take him"""
17,Metal Gods,British Steel,https://i.scdn.co/image/ab67616d0000b273be0e5ebab8c61469b1ff9f62,Judas Priest,https://p.scdn.co/mp3-preview/e24ae2554573926ab65deda3625fae52b6fe1759?cid=b1e13d47b67249bda69ed912bb4f7133,1980,238293,51,0.0265,0.578,0.854,0.00141,0.146,-6.558,0.0296,101.181,4, Weve taken too much for granted And all the time it had grown From techno seeds we first planted Evolved a mind of its own Marching in the streets Dragging iron feet Laser beaming hearts Ripping men apart  From off Ive seen my perfection Where we could do as we please In secrecy this infection Was spreading like a disease Hiding underground Knowing wed be found Fearing for our lives Reaped by robots scythes  Metal Gods Metal Gods   Metal Gods Metal Gods  Machines are taking all over With mankind in their command In time theyd like to discover How they can make their demand Better be the slaves To their wicked ways But meeting with our death Engulfed in molten breath 
18,A Touch of Evil,Painkiller,https://i.scdn.co/image/ab67616d0000b27360db4ca924d17bc6754e89aa,Judas Priest,https://p.scdn.co/mp3-preview/b88aa81c4125336ba4546fb9547101bfec8f2ff5?cid=b1e13d47b67249bda69ed912bb4f7133,1990-09-26,344400,51,0.000195,0.417,0.798,2.89e-05,0.0831,-4.967,0.0368,98.117,4," You mesmerize slowly Till I cant believe my eyes Ecstasy controls me What you give just serves me right Without warning youre here Like magic you appear I taste the fear  Im so afraid But I still feed the flame  In the night Come to me You know I want your touch of evil In the night Please set me free I cant resist a touch of evil  Aroused with desire You put me in a trance A vision of fire I never had a chance A dark angel of sin Preying deep from within Come take me in  Im so afraid But I still feed the flame  In the night Come to me You know I want your touch of evil In the night Please set me free I cant resist a touch of evil
  Arousing me now With a sense of desire Possessing my soul Until my bodys on fire A dark angel of sin Preying deep from within Come take me in Youre possessing me  In the night Come to me You know I want your touch of evil In the night Please set me free I cant resist a touch of evil  In the night Come to me You know I want your touch of evil In the night Please set me free I cant resist a touch of evil
 Touch of evil Touch of evil Touch of evil Touch"
19,Diamonds and Rust,Sin After Sin,https://i.scdn.co/image/ab67616d0000b273d05908f25aa68cae852a54f2,Judas Priest,https://p.scdn.co/mp3-preview/4333613357428c09d9e8766fcb1c0f93c1fcc19f?cid=b1e13d47b67249bda69ed912bb4f7133,1977-11-15,203533,47,0.0685,0.469,0.875,0.0,0.102,-5.072,0.0952,134.36,4," Ill be damned here comes your ghost again But thats not unusual Its just that the moon is full And you decided to call And here I sit hand on the telephone Hearing the voice Id known A couple of light years ago Heading straight for a fall  But we both know what memories can bring They bring diamonds and rust Yes we both know what memories can bring They bring diamonds and rust  Now I see you standing all around And snow in your hair Now were smiling out the window of the crummy hotel Over Washington Square Our breath comes on white clouds Mingles and hangs in the air Speaking strictly for me We both couldve died then and there  Now youre telling me youre not nostalgic Then give me another word for it You were so good with words And at keeping things vague Cause I need some of that vagueness now Its all come back too clearly Yes I love you dearly And if youre offering me diamonds and rust Ive already paid  But we both know what memories can bring They bring diamonds and rust Yes we both know what memories can bring They bring diamonds and rust
 Diamonds diamonds and rust Diamonds diamonds and rust Diamonds diamonds and rust Diamonds diamonds and rust"
20,Hell Bent for Leather,Killing Machine,https://i.scdn.co/image/ab67616d0000b2738192db1694959d5c711d39b3,Judas Priest,https://p.scdn.co/mp3-preview/f8273019ded1b8a6a4e776090eb89fc72228775d?cid=b1e13d47b67249bda69ed912bb4f7133,1979,160866,48,0.00707,0.309,0.867,2.14e-05,0.342,-6.43,0.192,192.463,4," Seek him here seek him on the highway Never knowing when hell appear All await engines ticking over Hear the roar as they sense the fear Wheels A glint of steel and a flash of light Screams From a streak of fire as he strikes  Hell bent hell bent for leather Hell bent hell bent for leather  Black as night faster than a shadow Crimson flare from a raging sun An exhibition sheer precision Yet no one knows from where he comes Fools Self destruct cannot take that crown Dreams Crash one by one to the ground  Hell bent hell bent for leather Hell bent hell bent for leather  Theres many who tried to prove that theyre faster But they didnt last and they died as they tried Theres many who tried to prove that theyre faster But they didnt last and they died as they tried
 Hell bent hell bent for leather Hell bent hell bent for leather Hell bent hell bent for leather Hell bent hell bent for leather"
21,Halls of Valhalla,Redeemer of Souls (Deluxe),https://i.scdn.co/image/ab67616d0000b27376fb92ccacc1bef7c663b032,Judas Priest,https://p.scdn.co/mp3-preview/156e656904de9d4a6275ee219d5a89cdbee5d3cd?cid=b1e13d47b67249bda69ed912bb4f7133,2014-07-07,364080,51,0.000549,0.464,0.901,0.0517,0.302,-4.901,0.0625,100.005,4," Valhalla  Fierce is the gale of the North Sea We drink and rejoice from the chalice Holding the course through long nights and days The ice and the hail bear no malice  Toe the line keep it fine Every man seeks this end  Valhalla you are calling Valhalla you are calling me home Valhalla new day dawning Valhalla this is where I belong I belong  We crash o’er the waves Bite deep on the oars Scouring the spray on the storm’s maul Then lightning reveals for what we all pray By Odin in Asgard its landfall  Life from death combat rests Heralds peace for the slain  Valhalla you are calling Valhalla you are calling me home Valhalla new day dawning Valhalla this is where I belong I belong   The storm in the night Takes us there On an unrelenting tide As the wind drives us ashore
Halls of Valhalla Halls of Valhalla Halls of Valhalla Halls of Valhalla   Toe the line keep it fine Every man seeks this end  The halls of Valhalla are calling me home The halls of Valhalla thats where we belong Valhalla you are calling Valhalla you are calling me home Valhalla new day dawning Valhalla this is where I belong I belong"
22,All Guns Blazing,Painkiller,https://i.scdn.co/image/ab67616d0000b27360db4ca924d17bc6754e89aa,Judas Priest,https://p.scdn.co/mp3-preview/4b29ac1b2bca274d2d470e7039719c6f0dbb9e21?cid=b1e13d47b67249bda69ed912bb4f7133,1990-09-26,237266,50,0.00036,0.472,0.976,0.0145,0.0956,-5.135,0.0899,104.996,4," Twisting the strangle grip Wont give no mercy Feeling those tendons rip Torn up and mean  Twisting the strangle grip Wont give no mercy Feeling those tendons rip Torn up and mean Blastmaster racks the ground Bent on survival Full throttle hammers down A deadly scream  All guns all guns blazing All guns all guns blazing  Forced into overdrive Drawn out of anger All talons poison dipped Impaling spike Heart pounding fever pitch Blood pumping fury Two fisted dynamo Eager to strike  All guns all guns blazing All guns all guns blazing   Cross cutting thundercharge Blade of destruction Flame throwing hurricane Destroys the cage Bone crushing alien God of salvation Sad wings  that heaven sent Wipes out in rage
 All guns all guns blazing All guns all guns blazing All guns all guns blazing All guns all guns blazing"
23,United,British Steel,https://i.scdn.co/image/ab67616d0000b273be0e5ebab8c61469b1ff9f62,Judas Priest,https://p.scdn.co/mp3-preview/6c07072427784f891163e8e777e9fdb8c2df4888?cid=b1e13d47b67249bda69ed912bb4f7133,1980,215266,48,0.278,0.633,0.643,0.0,0.286,-6.791,0.0574,84.53,4," Look around Theyre movin in Hold the ground When they begin  We can do it We can do it And if they wanna they can try But theyll never get near Then they can get out of here  Gonna keep on driving Never stop  United united united we stand United we never shall fall United united united we stand United we stand one and all  So give me hope Dont give in Make a stand Were gonna win  We can do it We can do it And if they wanna they can try it But theyll never get near And they can get out of here  Gonna keep on driving Never stop
 United united united we stand United we never shall fall United united united we stand United we stand one and all  So give me hope  United united united we stand United we never shall fall United united united we stand United we stand one and all United united united we stand United we never shall fall United united united we stand United we stand one and all United united united we stand United we never shall fall United united united we stand United we stand one and all United united united we stand United we never shall fall United..."
24,Never The Heroes,Firepower,https://i.scdn.co/image/ab67616d0000b2735c48f1b63e4b70cf96ffb088,Judas Priest,https://p.scdn.co/mp3-preview/641105f2be1a76191e76fbf90304a766cada200c?cid=b1e13d47b67249bda69ed912bb4f7133,2018-03-09,263973,46,0.000114,0.607,0.781,0.0252,0.107,-6.872,0.0349,116.001,4, Like a cobra they will strike And like lions caged well fight We were taken not by choice They put anger in our voice  We were fearless but so afraid Though in our hearts we still felt pain Were on fire but on a leash We only ever wanted peace  Never the heroes we were made to fight Never the heroes we were just sacrificed at war  Like a demon leads the youth We are terrible in truth No time to falter no turning back When we come under attack  There is no question as with a friend We have our honour to defend Were on fire but on a leash We only ever wanted peace  Never the heroes we were made to fight Never the heroes we were just sacrificed at war At war  We are together till the end We have our honour to defend  Never the heroes we were made to fight Never the heroes we were just sacrificed Never the heroes  We were made to fight  Never the heroes we were sacrificed at war
25,Riding on the Wind,Screaming For Vengeance,https://i.scdn.co/image/ab67616d0000b273a79a10cea4a05ade064a397b,Judas Priest,https://p.scdn.co/mp3-preview/e4828a92573d33e7d50f9aa79c0a6d7b041209a6?cid=b1e13d47b67249bda69ed912bb4f7133,1982,189733,46,0.0226,0.231,0.943,0.0352,0.295,-5.113,0.119,179.123,4," Shooting for the stars Cruise the speed of light Glowing God of Mars Body burning bright  Well Im riding Riding on the wind Yes Im riding Riding on the wind  Tearing up through life Million miles an hour Blinding all in sight Surging rush of power  Well Im riding Riding on the wind Im riding Riding on the wind   Riding on the wind Riding on the wind Riding on the wind Riding on the wind  Thunderbolt from hell Shattering aloud Screaming demons yell Bursting through the clouds
 Well Im riding Riding on the wind Yes Im riding Riding on the wind"
26,Between the Hammer  the Anvil,Painkiller,https://i.scdn.co/image/ab67616d0000b27360db4ca924d17bc6754e89aa,Judas Priest,https://p.scdn.co/mp3-preview/b8a588569fb84c2b1ab147cfc7fc5b1c9608ab19?cid=b1e13d47b67249bda69ed912bb4f7133,1990-09-26,289040,48,0.000109,0.318,0.984,0.0174,0.144,-4.693,0.109,172.271,4,
27,Grinder,British Steel,https://i.scdn.co/image/ab67616d0000b273be0e5ebab8c61469b1ff9f62,Judas Priest,https://p.scdn.co/mp3-preview/092c585a2fc9e6a23bd5e451de9cb646c3475ed8?cid=b1e13d47b67249bda69ed912bb4f7133,1980,237800,48,0.0673,0.437,0.881,4.05e-05,0.104,-4.934,0.0561,139.895,4," Never straight and narrow I wont keep in time Tend to burn the arrow out of the line Been inclined to wander Off the beaten track Thats where theres thunder and the wind shouts back  Grinder Looking for meat Grinder Wants you to eat  Got no use for routine I shiver at the thought Open skies are my scene thats why I wont get caught Refuse to bait the mantrap Be led to set the snare I love to have my sight capped everywhere  Grinder Looking for meat Grinder Wants you to eat
  Ive held my licence It came with birth For self-reliance on this earth You take the bullet On which my name Was etched upon in your game  Day of independence Stamped us like a brand Round the necks of millions to the land As the mighty eagle I need room to breathe Witness from the treadmill I take my leave  Grinder Looking for meat Grinder Wants you to eat  Grinder Looking for meat Grinder Wants you to eat
 Grinder"
28,Jawbreaker,Defenders Of The Faith,https://i.scdn.co/image/ab67616d0000b273bc22adfbb796489be45491d2,Judas Priest,https://p.scdn.co/mp3-preview/fc97dc6f210b8a91b3eb074626efb9f783d80b36?cid=b1e13d47b67249bda69ed912bb4f7133,1984,206333,45,0.000785,0.359,0.926,0.0106,0.131,-4.702,0.0804,99.911,4, Deadly as the viper peering from its coil The poison there is coming to the boil Ticking like a time bomb the fuse is running short On the verge of snapping if its caught  And all the pressure thats been building up For all the years it bore the load The cracks appear the frame starts to distort Its ready to explode Jawbreaker  Crouching in the corner wound up as a spring Piercing eyes that flash are shimmering Muscles are all contorted claws dug in the dirt Every ounce of fiber on alert  And all the pressure thats been building up For all the years it bore the load The cracks appear the frame starts to distort Its ready to explode Jawbreaker  And all the pressure thats been building up For all the years it bore the load The cracks appear the frame starts to distort Its ready to explode Jawbreaker  Jawbreaker Jawbreaker Jawbreaker
29,The Green Manalishi ,Killing Machine,https://i.scdn.co/image/ab67616d0000b2738192db1694959d5c711d39b3,Judas Priest,https://p.scdn.co/mp3-preview/da5745b4a4dd5cb3b4b2ad729454051005cf4b39?cid=b1e13d47b67249bda69ed912bb4f7133,1979,202626,45,0.000738,0.554,0.79,0.00401,0.342,-7.126,0.0695,124.336,4,
30,Prisoner of Your Eyes,Screaming For Vengeance,https://i.scdn.co/image/ab67616d0000b273a79a10cea4a05ade064a397b,Judas Priest,https://p.scdn.co/mp3-preview/190d61a23624b0e19c86bb55af0f792fa138b224?cid=b1e13d47b67249bda69ed912bb4f7133,1982,430826,49,0.21,0.353,0.664,0.0,0.266,-7.436,0.0403,123.236,4," When I saw your face I became a prisoner of your eyes And I would do just anything To stay and be with you You know there are times When I let myself wonder As I was going under You pulled me back to earth  Dont you hear me crying? Take me in your arms again Tell me that youre trying Or is our love a lie?  Love is blind And love deceives you You came along and captured me Now Im a prisoner of your eyes Trapped in time I cannot leave you Im just a prisoner of your eyes  As each day goes by Ive given up completely Ive locked myself inside your heart And thrown away the key Only time will tell If I can live without you Can you see into the future? Will you ever set me free?  Dont you hear me crying? Take me in your arms again Tell me that youre trying Or is our love a lie?  Love is blind And love deceives you You came along and captured me Now Im a prisoner of your eyes Trapped in time I cannot leave you Im just a prisoner of your eyes
 In this heartache We can try and start again Stop the heartbreak A little time will help to kill the pain   Dont you hear me crying? Take me in your arms again Tell me that youre trying Or is our love a lie?  Love is blind And love deceives you You came along and captured me Now Im a prisoner of your eyes Trapped in time I cannot leave you Im just a prisoner of your eyes Love is blind And love deceives you You came along and captured me Now Im a prisoner of your eyes Trapped in time I cannot leave you Im just a prisoner of your eyes Love is blind And love deceives you You came along and captured me Now Im a prisoner of your eyes Trapped in time I cannot leave you Im just a prisoner of your eyes"
31,Desert Plains,Point Of Entry,https://i.scdn.co/image/ab67616d0000b273397a50d3dede88554925c717,Judas Priest,https://p.scdn.co/mp3-preview/0ea0b761a8d2307f6593f1db19c66c617de863e5?cid=b1e13d47b67249bda69ed912bb4f7133,1981,274866,45,0.00046,0.538,0.923,0.00863,0.564,-5.154,0.0447,124.449,4, Full moon is rising The sky is black I heed your call Im coming back The road is straight cast Winds in my eyes The engine roars between my thighs  From desert plains I bring you love From desert plains I bring you love  Wild mountain thunder Echoes my quest My body aches but Ill not rest Quartz light to guide me Till sunrise leads My passion screams my heart it bleeds  From desert plains I bring you love From desert plains I bring you love  Then in the distance I see you stand On the horizon you raise your hand In burning rubber I end my quest You fall into my arms at last  From desert plains I bring you love From desert plains I bring you love
32,The Hellion / Electric Eye,Living After Midnight,https://i.scdn.co/image/ab67616d0000b27384e8e28e6f93cdc0e584860d,Judas Priest,https://p.scdn.co/mp3-preview/678eb6ae5df129f91dcc29f53ff4a648b3375236?cid=b1e13d47b67249bda69ed912bb4f7133,1997-09-29,260160,46,0.000399,0.173,0.921,0.000923,0.109,-6.129,0.12,193.796,4,
33,Rapid Fire,British Steel,https://i.scdn.co/image/ab67616d0000b273be0e5ebab8c61469b1ff9f62,Judas Priest,https://p.scdn.co/mp3-preview/f6a357acb32a524d4e3cdbcb3e88a6bc738875e2?cid=b1e13d47b67249bda69ed912bb4f7133,1980,248000,46,0.000267,0.375,0.994,0.00075,0.316,-5.829,0.0902,135.431,4, Pounding the world like a battering ram Forging the furnace for the final grand slam Chopping away at the source soon the course will be gone Cleaving a trail of destruction thats second to none  Hammering anvils straining muscle and might Shattering blows crashing browbeating fright Fast devastating and desolisating the curse Blasting the cannons of truth through each man of this earth   Wielding the axe comes the one culmination Thats always seemed certain to bring down the curtain on greed Sifting the good from the bad its the age for the rage Of the dogs which must fall to the just and be free Now grate for the vandals who trampled and sampled Till this place conditioned brought forth demolition to war The slipping and sliding corrosive subsiding That withered and waned till the world seemed all drained fills the bay  Pounding the world like a battering ram Forging the furnace for the final grand slam Chopping away at the source soon the course will be gone Cleaving a trail of destruction thats second to none  Second to none
34,Screaming for Vengeance,Screaming For Vengeance (Expanded Edition),https://i.scdn.co/image/ab67616d0000b273475bd4fb40ba687fbf002c82,Judas Priest,https://p.scdn.co/mp3-preview/bf982165b9a0da7e5b0bb739eccbd7c85c90f5ea?cid=b1e13d47b67249bda69ed912bb4f7133,1982,283120,46,0.0118,0.375,0.976,3.46e-06,0.527,-5.498,0.0895,112.813,4," Ahhhhhh  Hey listen dont you let them get your mind Fill your brain with orders and thats not right Theyre playing out a game that draws you closer Till youre living in a world thats ruled by fear Always taking baby but thats okay What theyre giving maybe its out of phase with me Told you once youre never gonna win the race Same old no tomorrow kicked in the face  We are screaming screaming for vengeance The world is a manacled place Screaming screaming for vengeance The world is defiled in disgrace  Tie a blindfold all around your head Spin you round in the torture before the dread And then youre pushed and shoved into every corner Then they lead you out into the final slaughter As the sweat is running down your neck All youre praying for is to stop your body breaking up Oh your heart is pumping gonna soon explode Got to fight the horror of this mental load
 We are screaming screaming for vengeance The world is a manacled place Screaming screaming for vengeance The world is defiled in disgrace   So you wait it out and bide your time Rip off that straight jacket you gotta break that line Everyone who wins in the great escape Leaves a thousand more who suffer in their wake I dont talk about it but thats all right Tables turned now theres a revenge in sight If it takes forever then I tell you I can wait Send them screaming back through their hells own gate  We are screaming screaming for vengeance The world is a manacled place Screaming screaming for vengeance The world is defiled in disgrace  Screaming screaming vengeance Screaming vengeance screaming"
35,Johnny B. Goode,Ram It Down,https://i.scdn.co/image/ab67616d0000b2731870e57bcd78041d8c3cd202,Judas Priest,https://p.scdn.co/mp3-preview/e70035a6c7a80fb27e60c823cf75733f87ed6194?cid=b1e13d47b67249bda69ed912bb4f7133,1988-05-03,279400,46,0.181,0.332,0.944,0.000659,0.349,-4.842,0.0715,156.223,4,
36,Rock Hard Ride Free,Defenders Of The Faith,https://i.scdn.co/image/ab67616d0000b273bc22adfbb796489be45491d2,Judas Priest,https://p.scdn.co/mp3-preview/0fd15003f1c6a9babcfc1da49e982576a67fd6d1?cid=b1e13d47b67249bda69ed912bb4f7133,1984,333533,44,0.00253,0.348,0.829,0.048,0.431,-5.651,0.0457,136.681,4,"Get a grip on the action Moving heaven and earth You gotta get a reaction Push for all that youre worth No denying Were going against the grain So defiant But theyll never put us down Rock hard ride free All day all night Rock hard ride free All your life Tough as steel stop at nothing Look at fate in the face Dont take no for an answer yeah Grab the lead in the race No denying Were going against the grain So defiant But theyll never put us down spit it out Rock hard ride free All day all night Rock hard ride free All your life Rock hard with a purpose Got a mind that wont bend Die hard resolution That is true to the end No denying Were going against the grain Because its so defiant Everybody scream it again Rock hard ride free All day all night Rock hard ride free All your life
Rock hard ride free All day all night Rock hard ride free All your life Rock hard ride free All day all night Rock hard ride free All your life Rock hard ride free All day all night"
37,Hot Rockin,Point Of Entry,https://i.scdn.co/image/ab67616d0000b273397a50d3dede88554925c717,Judas Priest,https://p.scdn.co/mp3-preview/e2e27c6bc4a9d770f3c05d5245592b2e3e35d18d?cid=b1e13d47b67249bda69ed912bb4f7133,1981,195226,42,0.00425,0.353,0.937,0.00831,0.0659,-3.963,0.112,171.418,4," Ive done my share of working out I want to go someplace where I can scream and shout Show me the lights where I can find The only thing I need to give me peace of mind  I want to go I want to go I want to go hot rockin I want to go I want to go I wanna go Hot rockin  Where is the spark that kicks the air? Where is the energy that charges everywhere? I see the crowd I hear the roar I feel my body start to leave the ground and soar  I want to go I want to go I want to go hot rockin I want to go I want to go I wanna go Hot rockin   Im going out in search of the bright lights Somehow I feel that tonight is the right night Im almost there Ive got the vibration Its coming strong from this generation My blood is hot from now on Im set free My pulse is hot so dont try to stop me Because this is it and Im hot rockin  Dont let it stop dont let it end Please let it carry on and on and on again I get so high knocked off my feet yeah This is the only way I want I want I want I want
 I want to go I want to go I want to go hot rockin I want to go I want to go I wanna go Hot rockin  Its all I want Its all I crave I just want to go Hot rockin"
38,Guardians,Firepower,https://i.scdn.co/image/ab67616d0000b2735c48f1b63e4b70cf96ffb088,Judas Priest,https://p.scdn.co/mp3-preview/8262daaf9b85f42f3021c3abe73898cd172c5101?cid=b1e13d47b67249bda69ed912bb4f7133,2018-03-09,66266,40,0.776,0.219,0.285,0.962,0.575,-14.93,0.0296,174.169,4,
39,Better by You Better Than Me,Stained Class,https://i.scdn.co/image/ab67616d0000b273a4c79ec8f98d1866d266f5af,Judas Priest,https://p.scdn.co/mp3-preview/2ae446239377757935882059b5cc1a0c89b81339?cid=b1e13d47b67249bda69ed912bb4f7133,1978-10-27,202600,43,0.0678,0.561,0.866,0.0,0.647,-6.12,0.0464,98.385,4," You could find a way to ease my passion You listen to the blood flow in my veins You hear the teaching of the wind Tell her why Im alive within I cant find the words my mind is dead Its better by you better than me  Guess youll have to tell her how I tried To speak up thoughts Ive held so long inside Tell her now I got to go Out in the streets and down the shore Tell her the worlds not much living for Its better by you better than me  Everybody Everybody knows Everybody Everybody knows  Better by you better than me You can tell what I want it to be You can say what I only can see Its better by you better than me  Guess Ill have to change my way of living Dont want to really know the way I feel Guess Ill learn to fight and kill Tell her not to wait until They find my blood upon her windowsill Its better by you better than me  Everybody Everybody knows Everybody Everybody knows
 Better by you better than me You can say what I only can see You can tell what I want it to be Its better by you better than me  Better by you better than me You can tell what I want it to be  You can say what I only can see Better by you better than me Better by you better than me You can say what I only can see  You can tell what I want it what I want it what I want it to be"
40,Love Bites,Defenders Of The Faith,https://i.scdn.co/image/ab67616d0000b273bc22adfbb796489be45491d2,Judas Priest,https://p.scdn.co/mp3-preview/f9f754041dbef81228c3cf2eabc0c2ceb39841ee?cid=b1e13d47b67249bda69ed912bb4f7133,1984,287733,45,0.000175,0.476,0.825,0.0939,0.206,-6.936,0.0589,138.628,4," When you feel safe when you feel warm Thats when I rise thats when I crawl Gliding on mist hardly a sound Bringing the kiss evils abound  In the dead of night Love bites love bites In the dead of night Love bites  Into your room where in deep sleep There you lie still to you I creep Then I descend close to your lips Across you I bend you smile as I sip Now you are mine in my control One taste of your life and I own your soul Softly you stir gently you moan Lusts in the air wake as I groan  In the dead of night Love bites love bites In the dead of night Love bites  Invites you invites you To feast in the night Excites you delights you It drains you to white Love bites You knew at first sight youd enjoy my attack That with my first bite thered be no turning back So come in my arms I strike any hour I will return to trap and devour
 In the dead of night Love bites love bites In the dead of night Love bites  Love bites Love bites Love bites Love bites"
41,Bloodstone,Screaming For Vengeance,https://i.scdn.co/image/ab67616d0000b273a79a10cea4a05ade064a397b,Judas Priest,https://p.scdn.co/mp3-preview/5e12ae3cf7b31030015043318869e66300d1a1a8?cid=b1e13d47b67249bda69ed912bb4f7133,1982,230866,42,0.0319,0.405,0.942,2.82e-06,0.3,-6.341,0.08,117.619,4," Ive been trying Theres no denying Its sending me out of my mind Ive seen reason Change to treason Its losing its sense of all kind  How much longer will it take for the world to see? We should learn to live and simply let it be  Bloodstone Bloodstone Bloodstone Bloodstone  In the night time Wake in fright Im so scared of the game thats being played Start to wonder Whats going under And how many deals have been made  How much longer will it take for the world to see? We should learn to live and simply let it be  Bloodstone Bloodstone Bloodstone Bloodstone 
 Bloodstone Bloodstone Bloodstone Bloodstone Bloodstone Bloodstone Bloodstone Bloodstone  Bloodstone  Bloodstone  Bloodstone  Bloodstone"
42,Children of the Sun,Firepower,https://i.scdn.co/image/ab67616d0000b2735c48f1b63e4b70cf96ffb088,Judas Priest,https://p.scdn.co/mp3-preview/2d2d23cee84d263c04b8781852de5d4109dd881c?cid=b1e13d47b67249bda69ed912bb4f7133,2018-03-09,240226,43,8.23e-05,0.406,0.775,0.078,0.0615,-7.152,0.0271,90.082,4, Sun sets on the nations Worlds in her disguise Pray for all that matters Saviour in my eyes  Children of the sun Dying one by one  Eden has been wasted Deadly poison fills the air Kneel down in forgiveness While theres still time if you care  Children of the sun Dying one by one Children of the sun Dying one by one  I couldnt dream To be without her kind They wouldnt let her be Or heal what she defiled You are the hate that beats mankind Torturous lies that lead the blind Squandered the truth from all we said You are the reason I feel dead   Mountains start to crumble Tumble in the sea  Children of the sun Dying one by one Children of the sun Dying one by one Children of the sun Dying one by one Children of the sun Dying one by one
43,Ram It Down,Ram It Down,https://i.scdn.co/image/ab67616d0000b2731870e57bcd78041d8c3cd202,Judas Priest,https://p.scdn.co/mp3-preview/6f1db004b67cdd75494827306d4fcd31d1ca47a5?cid=b1e13d47b67249bda69ed912bb4f7133,1988-05-03,288693,43,0.000794,0.188,0.988,0.00282,0.349,-4.928,0.127,141.123,4, Raise the sights the city lights are calling Were hot tonight the time is right theres nitro in the air In the street is where well meet were warning On the beat we wont retreat beware  Thousand of cars and a million guitars Screaming with power in the air Weve found the place where the decibels race This army of rock will be there To ram it down ram it down Straight through the heart of this town Ram it down ram it down Razing the place to the ground Ram it down  Bodies revving in leather heaven in wonder Lights are dimming and heads are swimming as thunder hits the stage Hell breaks loose turn on the juice get stronger We metal maniacs begin to rave  Thousand of cars and a million guitars Screaming with power in the air Weve found the place where the decibels race This army of rock will be there To ram it down ram it down Straight through the heart of this town Ram it down ram it down Razing the place to the ground Ram it down  Shout it out were all together now Shout it out we join as one one  Thousand of cars and a million guitars Screaming with power in the air Weve found the place where the decibels race This army of rock will be there To ram it down ram it down Straight through the heart of this town Ram it down ram it down Razing the place to the ground Ram it down
44,Freewheel Burning,Defenders Of The Faith,https://i.scdn.co/image/ab67616d0000b273bc22adfbb796489be45491d2,Judas Priest,https://p.scdn.co/mp3-preview/b6d1f0003c4b038bd4cd983d123a14a8a7957ddc?cid=b1e13d47b67249bda69ed912bb4f7133,1984,264360,44,4.59e-05,0.32,0.862,0.00341,0.234,-4.45,0.0495,123.593,4," Fast and furious we ride the universe To carve a road for us that slices every curve in sight We accelerate no time to hesitate This load will detonate whoever would contend its right  Born to lead at breakneck speed With high octane were spitting flames  Freewheel burning Freewheel burning  On we catapult were thrusting to the hilt Unearthing every fault go headlong into any dare We dont accept defeat we never will retreat We blaze with scorching heat obliterations everywhere  Born to lead at breakneck speed With high octane were spitting flames  Freewheel burning Freewheel burning  Look before you leap has never been the way we keep our road is free Charging to the top and never give in never stops the way to be Hold on to the lead with all your will and then concede Youll find theres life with victory on high   Look before you leap has never been the way we keep our road is free Charging to the top and never give in never stops the way to be Hold on to the lead with all your will and then concede Youll find theres life with victory with victory on high
 Freewheel burning Freewheel burning Freewheel burning Freewheel burning Freewheel burning Freewheel burning Freewheel burning Freewheel burning"
45, Chains,Screaming For Vengeance (Expanded Edition),https://i.scdn.co/image/ab67616d0000b273475bd4fb40ba687fbf002c82,Judas Priest,https://p.scdn.co/mp3-preview/8b020521d14481d8a21728c4bf9ae1e0fc05f54c?cid=b1e13d47b67249bda69ed912bb4f7133,1982,185120,41,0.156,0.439,0.886,0.0,0.172,-6.393,0.0614,129.33,4,
46,Judas Rising,Angel Of Retribution,https://i.scdn.co/image/ab67616d0000b273367fe3409cb2741c0bfcdf66,Judas Priest,https://p.scdn.co/mp3-preview/913f6f61e622fd49c8b529fb9f3ba6d33efdd178?cid=b1e13d47b67249bda69ed912bb4f7133,2005-02-28,253093,42,0.00149,0.227,0.864,0.00017,0.395,-6.091,0.0557,133.708,4, White bolts of lightning Came out of nowhere Blinded the darkness Creating the storm War in the heavens Vengeance ignited Torment and tempest Attacks like a swarm  Forged out of flame from chaos to destiny Bringer of pain forever undying Judas is rising  Eternal betrayer Ice cold and evil Taking no prisoners Dark prince of the world  Humanity trembles Enslaving you sinners You cant beg for mercy For none will be saved  The burden of shame Echos the prophecy Ascending from Hell Forever despising Judas is rising  Apprentice revealed Deceivers are crying My crucified steel Evangelizing Judas is rising Judas is rising
47,Blood Red Skies,Ram It Down,https://i.scdn.co/image/ab67616d0000b2731870e57bcd78041d8c3cd202,Judas Priest,https://p.scdn.co/mp3-preview/c63253f57ad6774032a8b930c62f1c604e5b52d2?cid=b1e13d47b67249bda69ed912bb4f7133,1988-05-03,470960,41,0.00211,0.214,0.889,0.0352,0.0678,-7.994,0.139,91.485,4,"  As the sun goes down I move around Keeping to the shadows Life hangs by a thread And Ive heard it said that Ill not see tomorrow  If thats my destiny itll have to be So Ill face the future Running out of time Im on the line But Ill go down fighting  Felt the hand of justice Telling wrong from right Threw me out upon the street In the middle of the night Cybernetic heartbeat Digital precise Pneumatic fingers nearly Had me in their vice  Not begging you Im telling you  You wont break me You wont make me You wont take me Under blood red skies You wont break me You wont take me Ill fight you under Blood red skies  Through a shattered city watched by laser eyes Overhead the night squad glides The decaying paradise Automatic sniper With computer sights Scans the bleak horizon for its victim of the night
 Theyre closing in Theyll never win  You wont break me You wont make me You wont take me Under blood red skies You wont break me You wont take me Ill fight you under Blood red skies  As the end is drawing near Standing proud I wont give in to fear As I die a legend will be born I will stand I will fight Youll never take me alive   Ill stand my ground I wont go down
 You wont break me You wont make me You wont take me Under blood red skies You wont break me You wont take me Ill fight you under Blood red skies  Youll never take me alive Im telling you Hands of justice I will stand I will fight Never surrender As the sun goes down I wont give in to fear"
48,Some Heads Are Gonna Roll,Defenders Of The Faith,https://i.scdn.co/image/ab67616d0000b273bc22adfbb796489be45491d2,Judas Priest,https://p.scdn.co/mp3-preview/cd40da927d6d172e43796af2b2436dc61c83634e?cid=b1e13d47b67249bda69ed912bb4f7133,1984,247666,42,0.00047,0.423,0.807,0.00126,0.617,-5.16,0.0468,122.874,4," You can look to the left or look to the right But you will live in danger tonight When the enemy comes he will never be heard Hell blow your mind and not say a word Blinding lights flashing colors Sleepless nights  If the man with the power Cant keep it under control  Some heads are gonna roll Some heads are gonna roll Some heads are gonna roll Some heads are gonna roll  The power-mad freaks are ruling the earth Will show how little they think youre worth With animal lust theyll devour your life Theyll slice your word to bits like a knife One last day burning hell fire Youre blown away  If the man with the power Cant keep it under control  Some heads are gonna roll Some heads are gonna roll Some heads are gonna roll Some heads are gonna roll  Know what its like When youre taken for granted There goes your life Its so underhanded
  If the man with the power Cant keep it under control  Some heads are gonna roll Some heads are gonna roll Some heads are gonna roll Some heads are gonna roll Some heads are gonna roll  No no No no No no No Some heads are gonna roll No no  No no  Some heads are gonna roll No no  No Some heads are gonna roll No no  No no  Some heads are gonna roll No no "
49,Dissident Aggressor,Sin After Sin,https://i.scdn.co/image/ab67616d0000b273d05908f25aa68cae852a54f2,Judas Priest,https://p.scdn.co/mp3-preview/8e27c4d26c1b6af0d14c16966b6309aab602cf99?cid=b1e13d47b67249bda69ed912bb4f7133,1977-11-15,186093,40,0.00746,0.381,0.979,0.202,0.865,-5.065,0.144,103.056,1, Grand canyons of space and time universal My mind is subjected subjected to all  Stab bawl Punch crawl Hooks to my brain are well in Stab bawl Punch crawl I know what I am Im Berlin  Through cracked blackened memories of unit dispersal I face the impregnable wall  Stab bawl Punch crawl Hooks to my brain are well in Stab bawl Punch crawl I know what I am Im Berlin   Exploding reloading this quest never-ending Until I give out my last breath  Im stabbing and bawling Im punching and crawling Hooks to my brain are well in Im stabbing and bawling Im punching and crawling I know what I am Im Berlin
